序号,链接,节点数
0,https://97oijc.mcsslk.xyz/3fd33aca0c6b3376af4999de183737e5,39
1,https://XW8JNG.absslk.xyz/c47f20fca732b1040dae79314392b8dd,0
2,https://gitlab.com/colloq168/nodefiltrate/-/raw/main/filtrate?ref_type=heads,244
3,https://raw.githubusercontent.com/Alvin9999/pac2/master/clash.meta2/1/config.yaml,0
4,https://raw.githubusercontent.com/Alvin9999/pac2/master/clash.meta2/13/config.yaml,0
5,https://raw.githubusercontent.com/Alvin9999/pac2/master/clash.meta2/15/config.yaml,0
6,https://raw.githubusercontent.com/Alvin9999/pac2/master/clash.meta2/2/config.yaml,0
7,https://raw.githubusercontent.com/Alvin9999/pac2/master/clash.meta2/config.yaml,0
8,https://raw.githubusercontent.com/Huibq/TrojanLinks/master/links/vmess,0
9,https://raw.githubusercontent.com/Surfboardv2ray/TGParse/main/python/hy2,8
10,https://raw.githubusercontent.com/Surfboardv2ray/TGParse/main/python/hysteria2,23
11,https://raw.githubusercontent.com/qjlxg/hy2/main/splitted/hy2,18
12,https://raw.githubusercontent.com/ripaojiedian/freenode/main/clash,24
13,https://raw.githubusercontent.com/ripaojiedian/freenode/main/sub,25
14,https://raw.githubusercontent.com/zhangkaiitugithub/passcro/main/speednodes.yaml,198
15,dynamic://peasoft,0

总计,,536
